{"mavpackettype": "ATTITUDE", "time_boot_ms": 122983, "roll": -0.15584047138690948, "pitch": 0.05590581148862839, "yaw": -1.6998401880264282, "rollspeed": 0.002514726249501109, "pitchspeed": 0.004297242499887943, "yawspeed": 0.0006100456230342388}