{"mavpackettype": "ATTITUDE", "time_boot_ms": 3228793, "roll": 0.014596378430724144, "pitch": -0.019516918808221817, "yaw": 0.6998677253723145, "rollspeed": 0.0005809860303997993, "pitchspeed": -0.00018261652439832687, "yawspeed": -0.00015490036457777023}