{
    "mavpackettype": "ATTITUDE",
    "time_boot_ms": 592636,
    "roll": 0.0018548942171037197,
    "pitch": -0.014886150136590004,
    "yaw": 1.5653694868087769,
    "rollspeed": 0.00013046804815530777,
    "pitchspeed": 0.000154404086060822,
    "yawspeed": 0.000744723598472774
}