{"mavpackettype": "ATTITUDE", "time_boot_ms": 1891317, "roll": 0.0003794571093749255, "pitch": 0.011184267699718475, "yaw": 2.412172794342041, "rollspeed": 0.001406230847351253, "pitchspeed": -0.0007518491474911571, "yawspeed": 0.0009950849926099181}