{
    "mavpackettype": "ATTITUDE",
    "time_boot_ms": 2402357,
    "roll": 0.012411375530064106,
    "pitch": 0.3120015263557434,
    "yaw": 2.361492872238159,
    "rollspeed": 0.003680638037621975,
    "pitchspeed": -0.00030961306765675545,
    "yawspeed": 0.00035691738594323397
}