{
    "mavpackettype": "ATTITUDE",
    "time_boot_ms": 399497,
    "roll": 0.007662895601242781,
    "pitch": -0.011895542033016682,
    "yaw": 0.9043267965316772,
    "rollspeed": 4.604645073413849e-05,
    "pitchspeed": -5.191925447434187e-05,
    "yawspeed": 0.0003227659035474062
}