{"mavpackettype": "ATTITUDE", "time_boot_ms": 815251, "roll": 0.010802996344864368, "pitch": -0.018406694754958153, "yaw": 3.017878293991089, "rollspeed": -0.0003899354487657547, "pitchspeed": 0.000529587734490633, "yawspeed": -2.634129486978054e-05}