{"mavpackettype": "ATTITUDE", "time_boot_ms": 3751549, "roll": 0.004210652317851782, "pitch": 0.008895598351955414, "yaw": -2.1021175384521484, "rollspeed": -0.0001437902101315558, "pitchspeed": 0.0003100961912423372, "yawspeed": 0.00016835378482937813}