{"mavpackettype": "ATTITUDE", "time_boot_ms": 1306315, "roll": 0.09681522101163864, "pitch": 0.02367873676121235, "yaw": -1.136983036994934, "rollspeed": 0.0006923170294612646, "pitchspeed": 0.000414285808801651, "yawspeed": -0.00010839675087481737}