{
    "mavpackettype": "LOCAL_POSITION_NED",
    "time_boot_ms": 393426,
    "x": -0.028197431936860085,
    "y": -0.026377694681286812,
    "z": -1.1092555522918701,
    "vx": -0.0024248051922768354,
    "vy": 0.00029984701541252434,
    "vz": -0.001387823955155909
}