{"mavpackettype": "LOCAL_POSITION_NED", "time_boot_ms": 3228942, "x": 2.197852849960327, "y": 1.4626094102859497, "z": 0.8937698602676392, "vx": -0.00047970720333978534, "vy": -0.0007656067027710378, "vz": 0.0008576344116590917}