{"mavpackettype": "LOCAL_POSITION_NED", "time_boot_ms": 3750211, "x": 0.6379595398902893, "y": 0.16980023682117462, "z": -2.3460299968719482, "vx": -0.00024898393894545734, "vy": -0.0016546936240047216, "vz": 0.0011465055868029594}