{
    "mavpackettype": "LOCAL_POSITION_NED",
    "time_boot_ms": 579739,
    "x": -0.0001469530543545261,
    "y": -0.00029251514934003353,
    "z": -2.175034284591675,
    "vx": -0.0006490311934612691,
    "vy": -0.0006144208018667996,
    "vz": -0.0017818782944232225
}