{"mavpackettype": "LOCAL_POSITION_NED", "time_boot_ms": 1305145, "x": -15.256226539611816, "y": -1.1197292804718018, "z": -0.09967407584190369, "vx": 0.0003465173940639943, "vy": -8.473271736875176e-05, "vz": 0.000728500250261277}