{"mavpackettype": "LOCAL_POSITION_NED", "time_boot_ms": 1888645, "x": -0.12726037204265594, "y": 0.02597227692604065, "z": -0.9879433512687683, "vx": -0.004188578110188246, "vy": 0.0006097107543610036, "vz": -0.0031891888938844204}