{"mavpackettype": "LOCAL_POSITION_NED", "time_boot_ms": 815236, "x": 0.12031331658363342, "y": 0.25623151659965515, "z": 0.8018652200698853, "vx": 0.001345886499620974, "vy": -6.52423404972069e-05, "vz": 0.00023953068011905998}