{"mavpackettype": "LOCAL_POSITION_NED", "time_boot_ms": 209695, "x": 7.6195558638751715, "y": 4.480183326916276, "z": -2.536472949340568, "vx": 0.07052566025032855, "vy": 0.07853941378758719, "vz": -0.018616616790764904}