{"mavpackettype": "LOCAL_POSITION_NED", "time_boot_ms": 121363, "x": 0.010761096142232418, "y": -0.0034407491330057383, "z": -2.46268377900123596, "vx": 0.0016424186760559678, "vy": 4.8104273446369916e-05, "vz": 0.00826137326657772}