{
    "mavpackettype": "LOCAL_POSITION_NED",
    "time_boot_ms": 2404141,
    "x": -0.4989173710346222,
    "y": 0.24590203166007996,
    "z": -1.509840965270996,
    "vx": 0.00011044572602258995,
    "vy": -6.796313391532749e-05,
    "vz": 0.00444785924628377
}