{"mavpackettype": "LOCAL_POSITION_NED", "time_boot_ms": 209695, "x": 8.6195558638751715, "y": 8.480183326916276, "z": -6.536472949340568, "vx": 0.07052566025032855, "vy": 0.07853941378758719, "vz": -0.018616616790764904}