{
    "mavpackettype": "LOCAL_POSITION_NED",
    "time_boot_ms": 1036333,
    "x": 1636.662841796875,
    "y": 1436.5743408203125,
    "z": -10.63398551940918,
    "vx": -0.00012987421359866858,
    "vy": 0.0007063644588924944,
    "vz": 0.0018135079881176353
}