{
    "mavpackettype": "ATTITUDE",
    "time_boot_ms": 1036333,
    "roll": 0.04572324827313423,
    "pitch": 0.010317392647266388,
    "yaw": -0.28111737966537476,
    "rollspeed": 0.0006091953255236149,
    "pitchspeed": 0.0007880060002207756,
    "yawspeed": 0.0005096967797726393
}